-- SEEDED FROM EXISTING DB
INSERT INTO "public"."therapist" ("id", "first_name", "last_name", "email", "active", "created_at", "updated_at") VALUES ('3a0b0e42-b8f2-4ec4-8749-9f13f1f776c1', 'Melody', 'Yu', 'yu.melo@northeastern.edu', 'true', '2025-10-05 22:56:02.141816+00', '2025-10-05 22:56:02.141816+00'), ('4a9a4e58-ea6c-496a-915f-3e8214e77112', 'Poop', 'Matula', 'matulakevin91@gmail.com', 'true', '2025-09-14 05:35:12.896354+00', '2025-09-14 14:04:21.037169+00'), ('5bbefb2e-5d1c-4fb8-98da-6cf02996aaa7', 'A', 'D', 'a@gmail.com', 'true', '2025-10-22 15:47:13.803553+00', '2025-10-22 15:47:13.803553+00'), ('7a39483e-8c18-40d5-a979-f9184e54e2ea', 'Melody', 'Yu', 'melodyyucoupons@gmail.com', 'true', '2025-10-22 00:56:59.11747+00', '2025-10-22 00:56:59.11747+00'), ('80adde9b-1f13-4920-b0b3-6851160403de', 'Melody', 'Yu', 'melody.yu@gmail.com', 'true', '2025-10-27 01:55:19.294195+00', '2025-10-27 01:55:19.294195+00'), ('8c682d62-3787-464f-a30c-39ee21a0e559', 'Test', 'Therapist', 'test.therapist@example.com', 'true', '2025-09-23 15:36:21.14454+00', '2025-09-23 15:36:21.14454+00'), ('9dad94d8-6534-4510-90d7-e4e97c175a65', 'John', 'Doe', 'johndoe@gmail.com', 'true', '2025-09-09 00:16:01.274923+00', '2025-09-09 00:16:01.274923+00'), ('a1b2c3d4-e5f6-47a8-9abc-1234567890ab', 'Sarah', 'Mitchell', 'sarah.mitchell@wellnesscenter.org', 'true', '2025-10-05 20:50:02.298175+00', '2025-10-05 20:50:02.298175+00'), ('b2c3d4e5-f6a7-48b9-8acd-2345678901bc', 'James', 'Lee', 'james.lee@wellnesscenter.org', 'true', '2025-10-05 20:50:02.298175+00', '2025-10-05 20:50:02.298175+00'), ('c3d4e5f6-a7b8-49ca-9bde-3456789012cd', 'Lena', 'Thompson', 'lena.thompson@wellnesscenter.org', 'true', '2025-10-05 20:50:02.298175+00', '2025-10-05 20:50:02.298175+00'), ('d4e5f6a7-b8c9-4adb-8cef-4567890123de', 'Robert', 'Garcia', 'robert.garcia@wellnesscenter.org', 'false', '2025-10-05 20:50:02.298175+00', '2025-10-05 20:50:02.298175+00');
INSERT INTO "public"."session" ("id", "start_datetime", "end_datetime", "therapist_id", "notes", "created_at", "updated_at") VALUES ('004fb8d4-300f-4a33-b2af-746bfd495879', '2025-10-16 14:50:30+00', '2025-10-16 17:30:11+00', '9dad94d8-6534-4510-90d7-e4e97c175a65', null, '2025-10-16 14:50:33.308874+00', '2025-10-16 14:50:33.308874+00'), ('02c4d8a1-39b6-4029-8df7-b04e5f53ccd1', '2025-09-23 14:30:00+00', '2025-09-23 15:30:00+00', '8c682d62-3787-464f-a30c-39ee21a0e559', 'Test session for API testing', '2025-09-23 15:36:21.188622+00', '2025-09-23 15:36:21.188622+00'), ('29c15cda-f918-44e0-b633-3ffb3ffc7379', '2026-04-09 18:00:00+00', '2026-04-09 19:00:00+00', 'd4e5f6a7-b8c9-4adb-8cef-4567890123de', 'Daily Affirmation: My luck is so good that even four-leaf clovers ask for my autograph', '2025-10-27 08:03:02.982486+00', '2025-10-27 08:03:02.982486+00'), ('2fefdae0-c472-42cf-a184-7c824ced27f3', '2026-04-23 18:00:00+00', '2026-04-23 19:00:00+00', 'd4e5f6a7-b8c9-4adb-8cef-4567890123de', 'Daily Affirmation: My luck is so good that even four-leaf clovers ask for my autograph', '2025-10-27 08:03:02.982486+00', '2025-10-27 08:03:02.982486+00'), ('35c38a7d-cd46-49da-9c64-c2926d3844a9', '2026-02-26 18:00:00+00', '2026-02-26 19:00:00+00', 'd4e5f6a7-b8c9-4adb-8cef-4567890123de', 'Daily Affirmation: My luck is so good that even four-leaf clovers ask for my autograph', '2025-10-27 08:03:02.982486+00', '2025-10-27 08:03:02.982486+00'), ('623940d2-aa3c-4525-b1fc-f689aa47faec', '2026-03-26 18:00:00+00', '2026-03-26 19:00:00+00', 'd4e5f6a7-b8c9-4adb-8cef-4567890123de', 'Daily Affirmation: My luck is so good that even four-leaf clovers ask for my autograph', '2025-10-27 08:03:02.982486+00', '2025-10-27 08:03:02.982486+00'), ('63ecbee0-3049-4284-adf7-c3ed44d98847', '2026-04-09 18:00:00+00', '2026-04-09 19:00:00+00', 'd4e5f6a7-b8c9-4adb-8cef-4567890123de', 'Daily Affirmation: My luck is so good that even four-leaf clovers ask for my autograph', '2025-10-27 07:56:23.512998+00', '2025-10-27 07:56:23.512998+00'), ('678cb319-f0c7-4b83-a798-eb77ad6dba95', '2026-02-12 18:00:00+00', '2026-02-12 19:00:00+00', 'd4e5f6a7-b8c9-4adb-8cef-4567890123de', 'Daily Affirmation: My luck is so good that even four-leaf clovers ask for my autograph', '2025-10-27 08:03:02.982486+00', '2025-10-27 08:03:02.982486+00'), ('6b072c56-90ca-40ca-9d2a-c15257bf4567', '2026-04-23 18:00:00+00', '2026-04-23 19:00:00+00', 'd4e5f6a7-b8c9-4adb-8cef-4567890123de', 'Daily Affirmation: My luck is so good that even four-leaf clovers ask for my autograph', '2025-10-27 07:56:23.512998+00', '2025-10-27 07:56:23.512998+00'), ('71785011-42b3-440d-b389-dbf74efc9633', '2026-01-15 18:00:00+00', '2026-01-15 19:00:00+00', 'd4e5f6a7-b8c9-4adb-8cef-4567890123de', 'Daily Affirmation: My luck is so good that even four-leaf clovers ask for my autograph', '2025-10-27 08:03:02.982486+00', '2025-10-27 08:03:02.982486+00'), ('79ed88d8-4402-427a-ad5e-a09080f14801', '2024-08-28 04:29:44+00', '2025-09-29 04:29:52+00', '4a9a4e58-ea6c-496a-915f-3e8214e77112', null, '2025-09-29 04:30:49.744699+00', '2025-09-29 04:30:49.744699+00'), ('7e38ee2c-84c9-4d69-a3a5-0675368cfe83', '2026-01-15 18:00:00+00', '2026-01-15 19:00:00+00', 'd4e5f6a7-b8c9-4adb-8cef-4567890123de', 'Daily Affirmation: My luck is so good that even four-leaf clovers ask for my autograph', '2025-10-27 07:56:23.512998+00', '2025-10-27 07:56:23.512998+00'), ('7efec3f3-14fe-4716-82b9-65fa0e0c6ba7', '2026-01-01 18:00:00+00', '2026-01-01 19:00:00+00', 'd4e5f6a7-b8c9-4adb-8cef-4567890123de', 'Daily Affirmation: My luck is so good that even four-leaf clovers ask for my autograph', '2025-10-27 08:03:02.982486+00', '2025-10-27 08:03:02.982486+00'), ('854bfd97-582e-439d-97ad-067a84735785', '2026-03-12 18:00:00+00', '2026-03-12 19:00:00+00', 'd4e5f6a7-b8c9-4adb-8cef-4567890123de', 'Daily Affirmation: My luck is so good that even four-leaf clovers ask for my autograph', '2025-10-27 07:56:23.512998+00', '2025-10-27 07:56:23.512998+00'), ('8811ccfa-f4d4-40d1-803c-8858f7e52108', '2026-01-29 18:00:00+00', '2026-01-29 19:00:00+00', 'd4e5f6a7-b8c9-4adb-8cef-4567890123de', 'Daily Affirmation: My luck is so good that even four-leaf clovers ask for my autograph', '2025-10-27 08:03:02.982486+00', '2025-10-27 08:03:02.982486+00'), ('8b8349c2-a630-46ef-be59-95daeae6c323', '2025-09-21 23:25:00+00', '2025-09-22 23:25:03+00', '4a9a4e58-ea6c-496a-915f-3e8214e77112', null, '2025-09-21 23:25:06.850851+00', '2025-09-21 23:25:06.850851+00'), ('a0ca476b-d55e-4a90-b935-cce0dd8cbe08', '2026-03-12 18:00:00+00', '2026-03-12 19:00:00+00', 'd4e5f6a7-b8c9-4adb-8cef-4567890123de', 'Daily Affirmation: My luck is so good that even four-leaf clovers ask for my autograph', '2025-10-27 08:03:02.982486+00', '2025-10-27 08:03:02.982486+00'), ('a0db582a-063a-4173-9044-569065a2de6c', '2026-03-26 18:00:00+00', '2026-03-26 19:00:00+00', 'd4e5f6a7-b8c9-4adb-8cef-4567890123de', 'Daily Affirmation: My luck is so good that even four-leaf clovers ask for my autograph', '2025-10-27 07:56:23.512998+00', '2025-10-27 07:56:23.512998+00'), ('c35ceea3-fa7d-4d14-a69d-cbed270c737f', '2026-01-01 18:00:00+00', '2026-01-01 19:00:00+00', 'd4e5f6a7-b8c9-4adb-8cef-4567890123de', 'Daily Affirmation: My luck is so good that even four-leaf clovers ask for my autograph', '2025-10-27 07:56:23.512998+00', '2025-10-27 07:56:23.512998+00'), ('c7914f82-9b80-4d1c-a243-15a980244ec2', '2026-02-12 18:00:00+00', '2026-02-12 19:00:00+00', 'd4e5f6a7-b8c9-4adb-8cef-4567890123de', 'Daily Affirmation: My luck is so good that even four-leaf clovers ask for my autograph', '2025-10-27 07:56:23.512998+00', '2025-10-27 07:56:23.512998+00'), ('cccccccc-cccc-cccc-cccc-cccccccccccc', '2025-09-06 18:00:00+00', '2025-09-06 19:00:00+00', 'a1b2c3d4-e5f6-47a8-9abc-1234567890ab', 'Group mindfulness exercise.', '2025-10-05 20:50:02.298175+00', '2025-10-05 20:50:02.298175+00'), ('d328d49c-bff2-4638-938d-2512f1f31c53', '2026-02-26 18:00:00+00', '2026-02-26 19:00:00+00', 'd4e5f6a7-b8c9-4adb-8cef-4567890123de', 'Daily Affirmation: My luck is so good that even four-leaf clovers ask for my autograph', '2025-10-27 07:56:23.512998+00', '2025-10-27 07:56:23.512998+00'), ('d49be629-b50a-4771-b3dd-a2f007a8b469', '2025-09-16 00:00:00+00', '2025-09-16 01:00:00+00', '4a9a4e58-ea6c-496a-915f-3e8214e77112', 'Test Session with Poop Matula', '2025-09-14 18:18:19.263959+00', '2025-09-23 00:26:38.341284+00'), ('d9592a7e-ad3b-4eea-86b2-bfac34b60484', '2026-01-29 18:00:00+00', '2026-01-29 19:00:00+00', 'd4e5f6a7-b8c9-4adb-8cef-4567890123de', 'Daily Affirmation: My luck is so good that even four-leaf clovers ask for my autograph', '2025-10-27 07:56:23.512998+00', '2025-10-27 07:56:23.512998+00'), ('dddddddd-dddd-dddd-dddd-dddddddddddd', '2025-10-04 14:00:00+00', '2025-10-04 15:00:00+00', 'b2c3d4e5-f6a7-48b9-8acd-2345678901bc', 'Confidence building through sharing circle.', '2025-10-05 20:50:02.298175+00', '2025-10-05 20:50:02.298175+00'), ('e4844330-c143-42b3-9c24-692cdeb222bd', '2025-10-27 19:00:00+00', '2025-10-27 20:00:00+00', '80adde9b-1f13-4920-b0b3-6851160403de', 'Melody test session', '2025-10-27 02:00:27.167374+00', '2025-10-27 02:00:27.167374+00'), ('eeeeeeee-eeee-eeee-eeee-eeeeeeeeeeee', '2025-11-12 13:00:00+00', '2025-11-12 14:00:00+00', 'c3d4e5f6-a7b8-49ca-9bde-3456789012cd', 'Team collaboration activity.', '2025-10-05 20:50:02.298175+00', '2025-10-05 20:50:02.298175+00'), ('ffffffff-ffff-ffff-ffff-ffffffffffff', '2025-12-06 17:00:00+00', '2025-12-06 18:00:00+00', 'd4e5f6a7-b8c9-4adb-8cef-4567890123de', 'Positive mindset and gratitude journaling.', '2025-10-05 20:50:02.298175+00', '2025-10-05 20:50:02.298175+00');
INSERT INTO "public"."student" ("id", "first_name", "last_name", "therapist_id", "grade", "dob", "iep", "created_at", "updated_at") VALUES ('0711034b-18b9-4f41-9b61-467ce9a373d5', 'Will', 'Doe', '9dad94d8-6534-4510-90d7-e4e97c175a65', '5', '2010-05-19', 'Active IEP with speech therapy goals', '2025-09-15 19:32:10.374254+00', '2025-10-09 00:30:43.82858+00'), ('0dd85cce-7de4-415d-8cb1-aac30dfaad61', 'Sierra', 'Welsch', '9dad94d8-6534-4510-90d7-e4e97c175a65', '4', '2025-10-11', 'love special standard', '2025-10-17 00:32:36.341704+00', '2025-10-17 00:32:36.341704+00'), ('11111111-1111-1111-1111-111111111111', 'Emily', 'Nguyen', 'a1b2c3d4-e5f6-47a8-9abc-1234567890ab', '3', '2016-04-12', 'Has mild speech delay', '2025-10-05 20:50:02.298175+00', '2025-10-09 00:30:40.686398+00'), ('1558c810-2bc5-4d76-81bf-e4c1fcfb76e0', 'kaamil ', 'thobai', '9dad94d8-6534-4510-90d7-e4e97c175a65', '0', '1904-01-01', 'special', '2025-10-17 00:43:49.821763+00', '2025-10-17 00:43:49.821763+00'), ('177a6ebd-cc6e-4593-b74a-6004786e08a4', 'Stone', 'Liu', '8c682d62-3787-464f-a30c-39ee21a0e559', '11', '2003-09-30', 'Active IEP with speech therapy goals', '2025-09-25 00:03:35.499319+00', '2025-10-09 00:30:38.892632+00'), ('187d6473-5859-4a30-922d-623d92ec6a04', 'Gary', 'Graduated', '9dad94d8-6534-4510-90d7-e4e97c175a65', '-1', '2002-05-02', 'Speech therapy ', '2025-10-16 20:32:40.819439+00', '2025-10-16 20:33:09.885229+00'), ('1999081f-b51d-446a-bd2d-78cf4d70ebd8', 'John', 'Deer', '9dad94d8-6534-4510-90d7-e4e97c175a65', '6', '2025-10-13', 'yuppe', '2025-10-14 00:19:35.622921+00', '2025-10-14 00:19:35.622921+00'), ('22222222-2222-2222-2222-222222222222', 'Noah', 'Ramirez', 'a1b2c3d4-e5f6-47a8-9abc-1234567890ab', '4', '2015-09-08', 'Working on emotional regulation', '2025-10-05 20:50:02.298175+00', '2025-10-09 00:30:36.907891+00'), ('33333333-3333-3333-3333-333333333333', 'Ava', 'Patel', 'b2c3d4e5-f6a7-48b9-8acd-2345678901bc', '5', '2014-11-23', 'Focus improvement plan', '2025-10-05 20:50:02.298175+00', '2025-10-09 00:30:33.510538+00'), ('44444444-4444-4444-4444-444444444444', 'Liam', 'Johnson', 'b2c3d4e5-f6a7-48b9-8acd-2345678901bc', '3', '2016-01-15', 'Social confidence development', '2025-10-05 20:50:02.298175+00', '2025-10-09 00:30:31.400626+00'), ('55555555-5555-5555-5555-555555555555', 'Sophia', 'Kim', 'c3d4e5f6-a7b8-49ca-9bde-3456789012cd', '2', '2017-07-19', 'Speech articulation program', '2025-10-05 20:50:02.298175+00', '2025-10-09 00:30:29.786416+00'), ('58c4249c-b34a-4036-88e3-69e349a1f7e1', 'Kyra', 'Holmes', '9dad94d8-6534-4510-90d7-e4e97c175a65', '1', '2025-10-01', 'LALALLALALALLALALA', '2025-10-16 23:59:40.47665+00', '2025-10-16 23:59:40.47665+00'), ('632e8368-976a-46fb-8216-4428e4f2bc28', 'Matthias', 'Fellesien', '9dad94d8-6534-4510-90d7-e4e97c175a65', '0', '2003-12-17', 'sw dev diff', '2025-10-17 00:08:54.906411+00', '2025-10-17 00:08:54.906411+00'), ('637d67d6-e8a2-436d-8569-3f66e3e28ab1', 'John', 'Jack', '9dad94d8-6534-4510-90d7-e4e97c175a65', '5', '2010-05-15', 'Active IEP with speech therapy goals', '2025-09-15 19:19:28.398065+00', '2025-10-09 00:30:26.983223+00'), ('66666666-6666-6666-6666-666666666666', 'Ethan', 'Davis', 'd4e5f6a7-b8c9-4adb-8cef-4567890123de', '5', '2014-09-25', 'Anger management focus', '2025-10-05 20:50:02.298175+00', '2025-10-09 00:30:24.203406+00'), ('8456e2cb-614c-46cc-bc5f-998292430bc7', 'Zainab', 'Imadulla', '9dad94d8-6534-4510-90d7-e4e97c175a65', '0', '2005-06-16', null, '2025-10-17 00:27:36.948689+00', '2025-10-17 00:27:36.948689+00'), ('89e2d744-eec1-490e-a335-422ce79eae70', 'Grace', 'Uecker', '9dad94d8-6534-4510-90d7-e4e97c175a65', '12', '2004-03-18', null, '2025-10-17 00:38:14.153433+00', '2025-10-17 00:38:14.153433+00'), ('9bd5fa3b-b41b-420b-b708-b02f926d8474', 'Abhik', 'Ray', '8c682d62-3787-464f-a30c-39ee21a0e559', '0', '2010-05-15', 'Active IEP with speech therapy goals', '2025-09-24 23:47:43.391442+00', '2025-10-14 02:23:23.143152+00'), ('9d749cd5-2d48-4395-9b8d-0136fad77d3d', 'Aarav', 'Raina', '9dad94d8-6534-4510-90d7-e4e97c175a65', '0', '2006-05-19', null, '2025-10-17 00:02:09.232494+00', '2025-10-17 00:02:09.232494+00'), ('9f728937-2054-4e1d-a780-6a0ec4b7d648', 'Zahra', 'Wibisana', '9dad94d8-6534-4510-90d7-e4e97c175a65', '10', '2004-10-10', 'Read more books', '2025-10-16 21:58:32.188977+00', '2025-10-16 21:58:32.188977+00'), ('a977691e-0362-46c8-87d8-659783d7b74a', 'vichu', 'wu', '9dad94d8-6534-4510-90d7-e4e97c175a65', '12', '2005-01-04', 'we dumb', '2025-10-17 00:29:35.560325+00', '2025-10-17 00:29:35.560325+00'), ('aa89702f-8981-4a5c-b5b1-c25ad0e38edd', 'Jack', 'Oehling', '9dad94d8-6534-4510-90d7-e4e97c175a65', null, '2001-01-01', 'XYZ', '2025-10-13 22:53:33.576439+00', '2025-10-13 22:53:33.576439+00'), ('cc6e5b95-0e09-4deb-9cc9-f9c2032eebf9', 'Melody', 'Yu', '9dad94d8-6534-4510-90d7-e4e97c175a65', '3', '2004-01-01', 'Nice', '2025-10-13 22:44:32.046827+00', '2025-10-13 22:44:32.046827+00'), ('e68267e1-655c-437e-8507-a41e58dcce75', 'as', 'sa', '9dad94d8-6534-4510-90d7-e4e97c175a65', '1', '2025-10-16', 'as', '2025-10-17 00:09:24.858926+00', '2025-10-17 00:09:24.858926+00'), ('f6b8308b-f145-43b0-bb1a-c33219dfae23', 'Kevin', 'Matula', '9dad94d8-6534-4510-90d7-e4e97c175a65', '0', '2007-01-01', 'Kid', '2025-10-13 23:14:56.180017+00', '2025-10-13 23:14:56.180017+00');
INSERT INTO "public"."session_student" ("session_id", "student_id", "present", "notes", "created_at", "updated_at") VALUES ('02c4d8a1-39b6-4029-8df7-b04e5f53ccd1', '0711034b-18b9-4f41-9b61-467ce9a373d5', 'true', null, '2025-09-29 04:32:07.42923+00', '2025-09-29 04:32:07.42923+00'), ('29c15cda-f918-44e0-b633-3ffb3ffc7379', '89e2d744-eec1-490e-a335-422ce79eae70', 'true', null, '2025-10-27 08:03:02.982486+00', '2025-10-27 08:03:02.982486+00'), ('29c15cda-f918-44e0-b633-3ffb3ffc7379', '9f728937-2054-4e1d-a780-6a0ec4b7d648', 'true', null, '2025-10-27 08:03:02.982486+00', '2025-10-27 08:03:02.982486+00'), ('2fefdae0-c472-42cf-a184-7c824ced27f3', '89e2d744-eec1-490e-a335-422ce79eae70', 'true', null, '2025-10-27 08:03:02.982486+00', '2025-10-27 08:03:02.982486+00'), ('2fefdae0-c472-42cf-a184-7c824ced27f3', '9f728937-2054-4e1d-a780-6a0ec4b7d648', 'true', null, '2025-10-27 08:03:02.982486+00', '2025-10-27 08:03:02.982486+00'), ('35c38a7d-cd46-49da-9c64-c2926d3844a9', '89e2d744-eec1-490e-a335-422ce79eae70', 'true', null, '2025-10-27 08:03:02.982486+00', '2025-10-27 08:03:02.982486+00'), ('35c38a7d-cd46-49da-9c64-c2926d3844a9', '9f728937-2054-4e1d-a780-6a0ec4b7d648', 'true', null, '2025-10-27 08:03:02.982486+00', '2025-10-27 08:03:02.982486+00'), ('623940d2-aa3c-4525-b1fc-f689aa47faec', '89e2d744-eec1-490e-a335-422ce79eae70', 'true', null, '2025-10-27 08:03:02.982486+00', '2025-10-27 08:03:02.982486+00'), ('623940d2-aa3c-4525-b1fc-f689aa47faec', '9f728937-2054-4e1d-a780-6a0ec4b7d648', 'true', null, '2025-10-27 08:03:02.982486+00', '2025-10-27 08:03:02.982486+00'), ('63ecbee0-3049-4284-adf7-c3ed44d98847', '89e2d744-eec1-490e-a335-422ce79eae70', 'true', null, '2025-10-27 07:56:23.512998+00', '2025-10-27 07:56:23.512998+00'), ('63ecbee0-3049-4284-adf7-c3ed44d98847', '9f728937-2054-4e1d-a780-6a0ec4b7d648', 'true', null, '2025-10-27 07:56:23.512998+00', '2025-10-27 07:56:23.512998+00'), ('678cb319-f0c7-4b83-a798-eb77ad6dba95', '89e2d744-eec1-490e-a335-422ce79eae70', 'true', null, '2025-10-27 08:03:02.982486+00', '2025-10-27 08:03:02.982486+00'), ('678cb319-f0c7-4b83-a798-eb77ad6dba95', '9f728937-2054-4e1d-a780-6a0ec4b7d648', 'true', null, '2025-10-27 08:03:02.982486+00', '2025-10-27 08:03:02.982486+00'), ('6b072c56-90ca-40ca-9d2a-c15257bf4567', '89e2d744-eec1-490e-a335-422ce79eae70', 'true', null, '2025-10-27 07:56:23.512998+00', '2025-10-27 07:56:23.512998+00'), ('6b072c56-90ca-40ca-9d2a-c15257bf4567', '9f728937-2054-4e1d-a780-6a0ec4b7d648', 'true', null, '2025-10-27 07:56:23.512998+00', '2025-10-27 07:56:23.512998+00'), ('71785011-42b3-440d-b389-dbf74efc9633', '89e2d744-eec1-490e-a335-422ce79eae70', 'true', null, '2025-10-27 08:03:02.982486+00', '2025-10-27 08:03:02.982486+00'), ('71785011-42b3-440d-b389-dbf74efc9633', '9f728937-2054-4e1d-a780-6a0ec4b7d648', 'true', null, '2025-10-27 08:03:02.982486+00', '2025-10-27 08:03:02.982486+00'), ('7e38ee2c-84c9-4d69-a3a5-0675368cfe83', '89e2d744-eec1-490e-a335-422ce79eae70', 'true', null, '2025-10-27 07:56:23.512998+00', '2025-10-27 07:56:23.512998+00'), ('7e38ee2c-84c9-4d69-a3a5-0675368cfe83', '9f728937-2054-4e1d-a780-6a0ec4b7d648', 'true', null, '2025-10-27 07:56:23.512998+00', '2025-10-27 07:56:23.512998+00'), ('7efec3f3-14fe-4716-82b9-65fa0e0c6ba7', '89e2d744-eec1-490e-a335-422ce79eae70', 'true', null, '2025-10-27 08:03:02.982486+00', '2025-10-27 08:03:02.982486+00'), ('7efec3f3-14fe-4716-82b9-65fa0e0c6ba7', '9f728937-2054-4e1d-a780-6a0ec4b7d648', 'true', null, '2025-10-27 08:03:02.982486+00', '2025-10-27 08:03:02.982486+00'), ('854bfd97-582e-439d-97ad-067a84735785', '89e2d744-eec1-490e-a335-422ce79eae70', 'true', null, '2025-10-27 07:56:23.512998+00', '2025-10-27 07:56:23.512998+00'), ('854bfd97-582e-439d-97ad-067a84735785', '9f728937-2054-4e1d-a780-6a0ec4b7d648', 'true', null, '2025-10-27 07:56:23.512998+00', '2025-10-27 07:56:23.512998+00'), ('8811ccfa-f4d4-40d1-803c-8858f7e52108', '89e2d744-eec1-490e-a335-422ce79eae70', 'true', null, '2025-10-27 08:03:02.982486+00', '2025-10-27 08:03:02.982486+00'), ('8811ccfa-f4d4-40d1-803c-8858f7e52108', '9f728937-2054-4e1d-a780-6a0ec4b7d648', 'true', null, '2025-10-27 08:03:02.982486+00', '2025-10-27 08:03:02.982486+00'), ('a0ca476b-d55e-4a90-b935-cce0dd8cbe08', '89e2d744-eec1-490e-a335-422ce79eae70', 'true', null, '2025-10-27 08:03:02.982486+00', '2025-10-27 08:03:02.982486+00'), ('a0ca476b-d55e-4a90-b935-cce0dd8cbe08', '9f728937-2054-4e1d-a780-6a0ec4b7d648', 'true', null, '2025-10-27 08:03:02.982486+00', '2025-10-27 08:03:02.982486+00'), ('a0db582a-063a-4173-9044-569065a2de6c', '89e2d744-eec1-490e-a335-422ce79eae70', 'true', null, '2025-10-27 07:56:23.512998+00', '2025-10-27 07:56:23.512998+00'), ('a0db582a-063a-4173-9044-569065a2de6c', '9f728937-2054-4e1d-a780-6a0ec4b7d648', 'true', null, '2025-10-27 07:56:23.512998+00', '2025-10-27 07:56:23.512998+00'), ('c35ceea3-fa7d-4d14-a69d-cbed270c737f', '89e2d744-eec1-490e-a335-422ce79eae70', 'true', null, '2025-10-27 07:56:23.512998+00', '2025-10-27 07:56:23.512998+00'), ('c35ceea3-fa7d-4d14-a69d-cbed270c737f', '9f728937-2054-4e1d-a780-6a0ec4b7d648', 'true', null, '2025-10-27 07:56:23.512998+00', '2025-10-27 07:56:23.512998+00'), ('c7914f82-9b80-4d1c-a243-15a980244ec2', '89e2d744-eec1-490e-a335-422ce79eae70', 'true', null, '2025-10-27 07:56:23.512998+00', '2025-10-27 07:56:23.512998+00'), ('c7914f82-9b80-4d1c-a243-15a980244ec2', '9f728937-2054-4e1d-a780-6a0ec4b7d648', 'true', null, '2025-10-27 07:56:23.512998+00', '2025-10-27 07:56:23.512998+00'), ('cccccccc-cccc-cccc-cccc-cccccccccccc', '11111111-1111-1111-1111-111111111111', 'true', 'Participated actively.', '2025-10-05 20:50:02.298175+00', '2025-10-05 20:50:02.298175+00'), ('cccccccc-cccc-cccc-cccc-cccccccccccc', '22222222-2222-2222-2222-222222222222', 'false', 'Absent due to illness.', '2025-10-05 20:50:02.298175+00', '2025-10-05 20:50:02.298175+00'), ('d328d49c-bff2-4638-938d-2512f1f31c53', '89e2d744-eec1-490e-a335-422ce79eae70', 'true', null, '2025-10-27 07:56:23.512998+00', '2025-10-27 07:56:23.512998+00'), ('d328d49c-bff2-4638-938d-2512f1f31c53', '9f728937-2054-4e1d-a780-6a0ec4b7d648', 'true', null, '2025-10-27 07:56:23.512998+00', '2025-10-27 07:56:23.512998+00'), ('d49be629-b50a-4771-b3dd-a2f007a8b469', '177a6ebd-cc6e-4593-b74a-6004786e08a4', 'true', null, '2025-09-29 04:34:22.620671+00', '2025-09-29 04:42:07.650317+00'), ('d9592a7e-ad3b-4eea-86b2-bfac34b60484', '89e2d744-eec1-490e-a335-422ce79eae70', 'true', null, '2025-10-27 07:56:23.512998+00', '2025-10-27 07:56:23.512998+00'), ('d9592a7e-ad3b-4eea-86b2-bfac34b60484', '9f728937-2054-4e1d-a780-6a0ec4b7d648', 'true', null, '2025-10-27 07:56:23.512998+00', '2025-10-27 07:56:23.512998+00'), ('dddddddd-dddd-dddd-dddd-dddddddddddd', '33333333-3333-3333-3333-333333333333', 'true', 'Shared ideas confidently.', '2025-10-05 20:50:02.298175+00', '2025-10-05 20:50:02.298175+00'), ('dddddddd-dddd-dddd-dddd-dddddddddddd', '44444444-4444-4444-4444-444444444444', 'true', 'Helped peers with task.', '2025-10-05 20:50:02.298175+00', '2025-10-05 20:50:02.298175+00'), ('dddddddd-dddd-dddd-dddd-dddddddddddd', '9bd5fa3b-b41b-420b-b708-b02f926d8474', 'true', 'Abhik with a Positive Mindset', '2025-10-05 23:09:22.112757+00', '2025-10-05 23:09:22.112757+00'), ('eeeeeeee-eeee-eeee-eeee-eeeeeeeeeeee', '55555555-5555-5555-5555-555555555555', 'true', 'Worked well in a group.', '2025-10-05 20:50:02.298175+00', '2025-10-05 20:50:02.298175+00'), ('ffffffff-ffff-ffff-ffff-ffffffffffff', '177a6ebd-cc6e-4593-b74a-6004786e08a4', 'true', 'Stone with a Positive Mindset', '2025-10-05 23:08:16.410462+00', '2025-10-05 23:08:16.410462+00'), ('ffffffff-ffff-ffff-ffff-ffffffffffff', '66666666-6666-6666-6666-666666666666', 'true', 'Showed improved attitude.', '2025-10-05 20:50:02.298175+00', '2025-10-05 20:50:02.298175+00'), ('ffffffff-ffff-ffff-ffff-ffffffffffff', '9bd5fa3b-b41b-420b-b708-b02f926d8474', 'true', 'Abhik with a Positive Mindset', '2025-10-05 23:08:35.885225+00', '2025-10-05 23:08:35.885225+00');
